venue,caterers,entertainment,date,time
Chang-Fisher,"Gross, Fields and Lester",Dancer,3/31/2024,16:00:59
Sheppard-Tucker,"Oneal, Winters and Cruz",DJ,3/5/2024,15:54:03
Faulkner-Howard,"Smith, Melton and Lopez",Dancer,1/4/2024,22:15:12
Wagner LLC,"Snyder, Todd and Martin",Live Band,8/10/2024,1:44:48
Campos PLC,"Patterson, Key and Wilcox",Comedian,6/18/2024,18:26:30
Archer-Patel,"Le, Curry and King",Comedian,4/12/2024,21:03:31
"Patrick, Barrera and Collins","Cantu, Kerr and Smith",DJ,4/22/2024,8:14:59
"Jones, Jefferson and Rivera","Lopez, Ferrell and Wright",Live Band,8/19/2024,11:02:46
"Garcia, Hamilton and Carr",Scott-Orr,DJ,8/22/2024,9:01:10
Levy Group,Flores-Chandler,Magician,3/11/2024,3:13:49
Grimes-Green,Marshall-King,Comedian,7/17/2024,14:24:31
"Moon, Davis and Larsen",Scott-Griffith,Magician,8/20/2024,4:46:56
"Summers, Barnett and Smith",Franklin-Johnson,Live Band,6/1/2024,23:51:26
Clayton-Cook,"Palmer, Shaw and Henderson",DJ,5/2/2024,8:00:13
"Nguyen, Harrell and Lee","Douglas, Russell and Johnson",Magician,2/10/2024,15:59:30
"Walker, Pratt and Thomas",Perry Inc,Comedian,3/5/2024,22:39:39
"West, Miller and Flores",Marquez-Johnson,Comedian,2/16/2024,21:46:02
"Bolton, Burns and Turner",Shelton-Price,Magician,8/1/2024,22:32:24
Mann-Kelley,"Bailey, Ruiz and Wallace",Magician,2/26/2024,14:00:13
"Harris, Lloyd and Payne","Quinn, Yoder and Lane",Dancer,7/3/2024,2:27:06
Wallace-Carlson,"Fischer, Lawson and Clark",Live Band,3/1/2024,13:22:45
Stewart-Allen,Jones-Davis,Comedian,1/4/2024,7:56:12
Lopez and Sons,"Chavez, Anderson and Villa",Dancer,8/21/2024,2:32:33
Salazar Ltd,Mathis-Dalton,DJ,1/14/2024,20:59:53
Alvarez-Davis,Burns LLC,Dancer,4/25/2024,3:55:12
Mcdowell Inc,Peterson-Warren,Comedian,3/25/2024,15:41:56
Villanueva PLC,Rowe LLC,DJ,2/16/2024,7:53:33
"Myers, Thornton and Hill","Baker, Li and Santos",DJ,4/10/2024,8:35:24
Atkinson Ltd,"Davis, Shannon and Gordon",Magician,4/10/2024,10:39:57
"Bryan, Barnes and Hill",Brown LLC,Magician,6/23/2024,10:24:31
Keller-Davies,Williams Group,Comedian,7/7/2024,3:05:46
Miller-Salazar,Miller-Mills,Dancer,3/27/2024,20:23:07
Matthews-Rogers,Fuller PLC,DJ,4/14/2024,0:53:40
Sanchez Ltd,Hart Inc,Dancer,8/22/2024,12:31:46
Wilson-Robinson,Kelly-Anderson,Magician,8/3/2024,2:22:57
Cook Inc,Durham-Williams,Live Band,6/18/2024,6:35:03
Logan Ltd,Macias PLC,Dancer,6/26/2024,9:52:33
Williams PLC,"Rodriguez, Sandoval and Davies",DJ,4/27/2024,10:29:12
"Kent, Ferguson and Becker",White-Smith,Dancer,6/21/2024,23:01:39
Martinez and Sons,Sullivan-Chen,Magician,3/26/2024,14:44:20
"Greer, Wilson and Davis",Butler LLC,Comedian,8/19/2024,3:11:50
Johnson Inc,Reynolds-Vasquez,Dancer,7/29/2024,10:51:50
Woodward and Sons,Thomas-Pacheco,DJ,6/11/2024,14:57:33
"Martinez, Clark and Owen",Fuller-Lee,Dancer,2/11/2024,15:05:56
"Johnson, Coleman and Garcia",Pacheco Group,Dancer,6/11/2024,12:05:49
Jones-Jones,Cox-Marsh,DJ,6/1/2024,7:07:28
Bell-White,Cooper-Martin,Comedian,3/18/2024,11:20:42
"Mcdonald, Carlson and Lyons",Bush and Sons,Live Band,2/17/2024,23:32:53
Gonzalez-Howard,Moore-Herrera,Comedian,5/21/2024,20:52:46
"Harrison, Barrera and Hudson","Wallace, Stewart and Miller",Comedian,9/2/2024,0:25:55
"Chambers, Levy and Brown",Martin-Mcconnell,Comedian,9/9/2024,12:55:33
"Moore, Martin and Moreno","Reeves, Wilson and Gray",DJ,9/10/2024,14:19:22
Carlson Group,Collins-Chase,Magician,8/6/2024,22:33:56
"Thompson, Ruiz and Ortiz",Lopez Ltd,Magician,4/4/2024,1:52:48
"Golden, Lowery and Banks",Fowler-Jackson,Live Band,1/8/2024,8:05:10
Monroe-King,"Moore, Benjamin and Miller",Live Band,7/13/2024,1:48:50
"Vazquez, Ellis and Miller","Woodard, Mosley and Rodriguez",Live Band,1/27/2024,22:44:08
"Williams, Campbell and Allen",Garner-Myers,Magician,1/9/2024,3:41:49
Bell-Roberts,Alvarado-Mann,DJ,6/7/2024,4:32:06
Garza-Mcclain,Morse and Sons,Dancer,5/18/2024,18:23:59
"Anderson, Collins and Goodman","Wilson, Powell and Mcclain",Dancer,3/19/2024,18:47:20
"Miller, Wheeler and Hale",Miller-Carpenter,Live Band,3/20/2024,7:47:59
Allen Ltd,Castaneda LLC,Live Band,5/7/2024,17:53:16
Gray-Hutchinson,Barrera-Schmidt,Live Band,6/18/2024,19:14:11
"Baxter, Johnson and Savage","Adams, Morgan and Thompson",Comedian,2/12/2024,4:55:28
"Barnes, Bates and Williams",Green-Woodard,Magician,1/18/2024,19:24:25
Brown-Miles,Bryan Inc,Comedian,7/9/2024,6:47:09
Rose-Freeman,Walsh LLC,Dancer,6/17/2024,4:34:10
"Munoz, Smith and Williams","Fitzgerald, Booth and Hopkins",Magician,4/28/2024,22:14:06
Collins-Owens,Rivera Group,Magician,4/16/2024,3:15:17
Lopez-Key,Ellis-Brown,DJ,5/31/2024,8:31:16
"Irwin, Monroe and Anderson",Thompson-Perez,Live Band,8/24/2024,15:59:49
Morales Ltd,Brown Group,Comedian,4/18/2024,4:50:05
Stewart-Lewis,Garcia-Walton,Magician,5/28/2024,10:00:59
"Fischer, Baird and Lowe",Morris and Sons,DJ,8/13/2024,3:34:22
"Davis, Wilson and Banks",Jensen LLC,DJ,2/29/2024,20:40:31
Ramirez-Good,"Crawford, Cooper and Mccann",Comedian,9/1/2024,7:06:06
Alvarez Group,Valenzuela-Odom,DJ,2/18/2024,9:41:22
"Miller, Hill and Chavez",Ayala-Smith,DJ,1/7/2024,5:35:51
Callahan and Sons,"Howell, White and Gonzalez",Magician,1/27/2024,23:26:22
"Meyer, Curtis and Reed","Fletcher, Rodriguez and Gonzales",DJ,3/8/2024,12:58:34
Ramirez Inc,Williams PLC,DJ,1/17/2024,3:26:28
Williams Ltd,"Hoffman, Hart and Mclaughlin",Live Band,5/3/2024,18:01:58
Grant-Potts,Berg-Stewart,Dancer,8/24/2024,16:09:34
"Browning, Williams and Curry",Perez-Rivera,Dancer,5/21/2024,10:15:59
"Lawson, Simpson and Schneider",Thomas-Bowen,Live Band,7/24/2024,19:36:55
Bowman-Watson,Hester Group,Comedian,6/30/2024,13:31:41
"Thompson, Bennett and Carter",Smith PLC,DJ,6/18/2024,20:12:37
Hernandez LLC,Phelps Inc,Comedian,3/19/2024,23:48:07
Clarke-Higgins,Morris LLC,Comedian,6/4/2024,12:12:00
Chan-Johnson,"Lee, Brown and Williams",Magician,1/24/2024,19:54:15
Martin-Holden,Dennis LLC,Live Band,5/18/2024,2:31:00
Ward-Hays,Downs-Lynn,Dancer,7/14/2024,23:27:15
Carter Group,"Gregory, Richardson and Barnes",Comedian,5/29/2024,18:18:13
"Allen, Williams and White",Cortez-Carlson,Live Band,6/26/2024,3:16:24
"Chandler, Turner and Houston",Carroll Group,DJ,8/8/2024,5:16:21
Perry-Garcia,"Smith, Hernandez and Harris",Live Band,8/21/2024,9:55:58
Wells-Randall,"Fields, Velazquez and Snow",DJ,6/5/2024,2:04:29
Martinez-Wilson,Christensen-Ware,Comedian,8/9/2024,18:34:42
Simmons-Turner,Peterson-Gutierrez,Live Band,4/8/2024,7:33:36
"Mcdaniel, Moore and Jackson",Lamb-Black,Comedian,8/21/2024,9:32:12
"Bennett, Villegas and Fowler",Wallace-Ferguson,Magician,8/16/2024,23:48:15
Morton and Sons,Lambert-Spears,Live Band,2/12/2024,4:54:54
"Walker, Cruz and Garcia",Mcfarland-Smith,Comedian,9/4/2024,6:58:31
"Stone, West and Burns","Owens, Evans and Patterson",Magician,3/8/2024,14:50:39
"Klein, Robinson and Miller","Carey, Mcfarland and Fleming",Magician,4/21/2024,16:47:39
Hinton LLC,Woods and Sons,Dancer,3/7/2024,6:24:52
"Waters, Reynolds and Howard","Everett, Lee and Booth",DJ,9/4/2024,16:09:24
Short Ltd,Shaw-Hunter,Comedian,8/2/2024,19:23:16
Leach Group,"Bond, Stanley and Martinez",Magician,8/13/2024,1:52:19
"Harris, Crawford and Scott",Hamilton and Sons,Magician,7/28/2024,15:19:37
"Williams, Gould and Lewis",Anthony Inc,DJ,6/6/2024,21:23:05
Garcia Group,"Johnson, Mclaughlin and Davis",Comedian,4/9/2024,12:55:55
Ward-Wilcox,"Sharp, Ware and Garza",Dancer,2/24/2024,3:31:04
Hinton Group,Hart Ltd,Comedian,8/11/2024,23:31:25
Elliott Ltd,Diaz-Davis,DJ,2/1/2024,15:59:45
"Henderson, Boyd and Shelton",Martinez-Berry,Comedian,4/30/2024,3:51:09
Bass-Bolton,"Harris, Walker and Harper",Magician,6/17/2024,6:44:37
"Santiago, Harris and Lynch",Morrison-Davis,Comedian,4/27/2024,10:10:41
Smith Ltd,Larsen-Davis,Dancer,6/17/2024,4:49:48
"Nolan, Meyers and Johnson",Shepard and Sons,Comedian,8/27/2024,15:02:52
Baxter PLC,Middleton LLC,Live Band,1/2/2024,16:15:20
Kirby PLC,Sparks-Nguyen,Comedian,7/12/2024,19:19:40
Robbins-Roman,Benitez-Rogers,Dancer,3/20/2024,8:10:05
Marsh PLC,Webster Group,DJ,7/22/2024,7:46:13
Jones and Sons,Brown LLC,Live Band,4/20/2024,13:09:18
Turner Group,Wilkerson-Lang,Live Band,3/19/2024,7:43:45
Atkins-Owen,Lawrence-Murphy,Live Band,1/6/2024,3:27:33
"Murray, Watson and Reyes",Franklin-Phillips,Live Band,8/23/2024,22:29:03
"Shaw, Berry and Gregory",Savage-Brown,Live Band,7/19/2024,12:18:25
"Chang, Mooney and Burgess",Jackson-Davis,Magician,4/29/2024,10:15:24
Roberts PLC,Acevedo-Smith,Dancer,2/7/2024,12:27:30
Petersen-Olson,"Garrett, Gates and Navarro",Live Band,6/6/2024,13:46:05
Lawson-Hall,"Morgan, Manning and Kirk",DJ,5/20/2024,1:01:42
Sandoval Inc,"Jones, Price and Hester",Comedian,5/28/2024,19:23:25
"White, Hunter and Scott",Campbell-Sullivan,Comedian,5/22/2024,12:14:24
Snyder LLC,Lamb Group,DJ,8/24/2024,10:20:52
Barton-Cruz,Anderson LLC,Dancer,5/28/2024,8:50:00
Brown-Davidson,Evans-Moore,Magician,3/22/2024,3:05:04
Allen Ltd,Smith-Nguyen,Comedian,5/1/2024,0:06:02
Brown-Johnson,Gutierrez Inc,Comedian,1/4/2024,11:43:39
Thomas-Wu,York-Crane,Dancer,1/23/2024,14:44:02
"Love, Nunez and Hernandez",Miller PLC,Comedian,2/9/2024,18:17:35
Jenkins-Carr,Kane-Mclean,Comedian,8/29/2024,18:47:59
Ellis-Garcia,"Osborne, Solomon and Underwood",Live Band,7/14/2024,23:10:53
Smith PLC,Anderson-Fitzpatrick,DJ,9/4/2024,18:59:00
"Anderson, Nguyen and Graves",Bird-Jackson,Live Band,9/9/2024,2:53:34
"Reed, Reyes and Frank",Davis Inc,Live Band,6/11/2024,12:11:50
Rodriguez-Brown,Mendoza Ltd,Comedian,2/12/2024,12:50:51
"Mcdonald, Chen and Morgan","Bender, Johnson and Vincent",Comedian,6/10/2024,13:06:08
Montes Ltd,Baker-Lawrence,Comedian,5/10/2024,6:26:08
"Phillips, Sweeney and Mullen",Kerr-Brady,Dancer,8/31/2024,17:47:06
Lloyd-Stark,Collins Group,Comedian,3/26/2024,20:10:20
"Lucero, Martinez and Dalton",Barr-Walker,Dancer,5/12/2024,7:39:39
Johnson Group,"Mcgee, Smith and Weiss",Magician,5/9/2024,18:59:06
Watson-Lee,"Foster, Reeves and Bond",Magician,5/15/2024,1:38:58
Clarke-Jones,Lewis-Arellano,Live Band,5/23/2024,4:02:21
Winters Inc,Carter-Martin,DJ,2/27/2024,23:49:06
Scott-Johnson,"Moran, Gonzalez and Cordova",Comedian,5/1/2024,3:40:31
"Estrada, Armstrong and Robinson",Gomez Group,Live Band,5/11/2024,11:18:05
Frank Ltd,Turner LLC,DJ,2/2/2024,15:00:17
"Hale, Fisher and Torres","Lutz, Carey and Grimes",Comedian,4/8/2024,18:51:23
Thomas PLC,Estrada Inc,Dancer,5/13/2024,6:24:21
Livingston-Walls,House Group,Dancer,9/5/2024,16:38:32
Brown-Perry,Jones PLC,Live Band,4/16/2024,1:27:09
Navarro Inc,Nichols and Sons,Comedian,9/4/2024,8:14:43
Jordan-Butler,Newton-Galloway,Live Band,4/19/2024,23:55:25
Calhoun-Rivers,"Franklin, Garcia and Jackson",Magician,2/28/2024,19:20:10
"King, Gomez and Martinez",Cannon PLC,DJ,6/9/2024,4:53:21
"Johnson, Bailey and Smith","Williams, Haley and Parsons",Magician,8/15/2024,16:03:52
Fuentes Inc,Herrera Group,Dancer,6/2/2024,0:45:47
"Barry, Clark and Harris",Smith Inc,Magician,3/26/2024,6:29:22
"Dennis, Santana and Adkins","Lopez, Vasquez and Barrett",Magician,8/24/2024,7:10:59
Wood-Johnson,"Carter, Yang and Bradley",Comedian,2/10/2024,11:10:29
"Hall, Thomas and Gibson",Watson PLC,Dancer,3/30/2024,17:25:24
Cooper-Haley,Stephenson PLC,Dancer,4/14/2024,14:22:34
Johnson and Sons,Rios-Kline,DJ,6/22/2024,21:12:10
Rogers-Woodward,Carpenter Inc,Live Band,8/31/2024,17:06:24
Giles-Rubio,"Gutierrez, Jones and Mccarty",Comedian,2/20/2024,8:14:02
"Murphy, Watkins and Miller",Hoover-Evans,Live Band,4/20/2024,16:50:07
"Carpenter, Moore and Hurst",Bell Ltd,Live Band,2/23/2024,16:40:43
Brock LLC,Hood PLC,Dancer,4/17/2024,9:45:19
"Sanchez, Fischer and Carter",Smith-Hall,Dancer,1/19/2024,9:52:21
Alvarado-Callahan,Hudson-Carter,Comedian,1/4/2024,12:54:10
"Smith, Miller and Jones",Thompson PLC,DJ,4/2/2024,22:14:54
Evans-Butler,Medina-Wong,Live Band,5/20/2024,5:00:54
Garza LLC,Barnett Inc,DJ,5/9/2024,3:50:40
"Gomez, Wright and Chen",Long PLC,DJ,8/31/2024,16:39:49
"Rush, Brown and Ortiz",Gross Ltd,Magician,2/15/2024,9:03:42
Hayden-Valenzuela,"Rodriguez, Glenn and Foster",Comedian,6/24/2024,15:13:31
Harris-Carter,Jackson-James,Comedian,9/4/2024,7:25:18
Davis-Lopez,"Flores, Fisher and Harris",Live Band,1/24/2024,15:28:15
Hill PLC,"Cain, Carlson and Byrd",Comedian,4/16/2024,2:49:08
"Watts, Flynn and Griffin",Vasquez-Mccann,Magician,2/29/2024,16:36:12
Lopez-Fisher,Monroe and Sons,Live Band,7/8/2024,13:34:42
Wright Group,Ellis-White,Magician,3/25/2024,0:49:56
Giles-Thomas,Lewis and Sons,Dancer,3/29/2024,21:26:08
Welch-Miller,Carter LLC,Live Band,5/9/2024,17:15:15
Phillips Ltd,Quinn-Bauer,DJ,2/5/2024,22:11:58
Montgomery-Smith,Ray Group,Live Band,2/11/2024,1:41:11
Wilson-Irwin,Brown-Reyes,Dancer,4/12/2024,13:49:05
Gardner-Moore,Sherman Group,Dancer,7/9/2024,18:58:20
"Potter, Davis and Jimenez",Sparks and Sons,DJ,6/30/2024,5:12:10
Stephens Group,Gill-Anderson,Comedian,4/28/2024,23:40:00
Chen-Smith,"Ramos, Dean and Cervantes",Magician,6/12/2024,8:54:45
Stephenson-Williams,Schneider PLC,Live Band,5/21/2024,18:21:30
Ross-Zamora,Lewis Group,Magician,8/13/2024,22:48:39
"Foster, Garcia and King",Walker-Daniel,DJ,7/29/2024,11:11:33
Savage-Chambers,"Rodriguez, Hobbs and Turner",Magician,3/13/2024,23:42:37
Larson Inc,Wilson-Harvey,Live Band,2/5/2024,23:17:01
Sparks LLC,"Forbes, Montgomery and White",Live Band,2/15/2024,8:17:22
"Morgan, Moreno and Wright",Scott-Cannon,Comedian,2/18/2024,22:30:39
Jones LLC,Taylor-Robertson,Comedian,6/5/2024,7:07:16
Meyer-Berry,"Wallace, Austin and Chan",Live Band,4/15/2024,4:13:56
"Clark, Garcia and Sosa",Walton PLC,Dancer,2/3/2024,5:44:05
"Powell, Osborne and French",Lee-Wade,Comedian,7/30/2024,5:46:46
Ramos-Carroll,"Franco, Vasquez and Guerra",Magician,8/17/2024,15:51:58
Moore Ltd,Forbes Ltd,Magician,4/22/2024,9:30:02
James PLC,Howard and Sons,DJ,7/21/2024,5:16:17
Taylor-Barnett,Hall-Krause,Dancer,3/5/2024,13:28:41
Chen-Newton,Lopez Group,DJ,7/2/2024,8:11:03
Woods Ltd,Nichols LLC,Comedian,6/10/2024,6:10:15
"Flores, Pearson and Brown","Jackson, Ali and Mckee",Dancer,4/5/2024,7:05:30
Thomas-Simpson,Wiley Ltd,Comedian,5/25/2024,19:00:33
"Lewis, Kelly and Myers",Nichols Ltd,Live Band,4/16/2024,13:31:00
Mathis Inc,King Ltd,Magician,4/15/2024,8:59:07
"Camacho, Parks and Harmon",Dixon Ltd,DJ,5/7/2024,1:34:11
"Foster, Ward and Wilson",Roach Inc,Live Band,3/8/2024,22:08:13
Key Ltd,"Cantrell, Craig and Gomez",Comedian,4/10/2024,4:59:45
"Carter, Lester and Taylor",Salinas LLC,Dancer,3/25/2024,10:57:11
"Roberts, Garcia and Murray","Bradford, Stevenson and Phillips",Magician,2/8/2024,22:18:19
Cruz-Rivera,Lam-Wright,Magician,4/23/2024,6:05:10
"Prince, Graham and West","Carpenter, Allen and Woods",Dancer,5/30/2024,23:19:10
"Hernandez, Stewart and Clark",Howard LLC,Dancer,6/4/2024,9:38:15
Wallace Group,Hebert-Ferrell,Comedian,5/11/2024,19:50:43
Roman-Price,Ford Ltd,Live Band,6/29/2024,12:13:40
Pope Group,Hunter-Brown,Live Band,2/7/2024,15:51:58
Willis Inc,Morales-Olson,Magician,1/27/2024,5:16:04
Johnson-Schultz,"Collins, Thomas and Williams",Magician,8/4/2024,6:19:04
Cox Ltd,"Marsh, Ford and Thompson",DJ,4/4/2024,3:46:23
"Byrd, Hall and Evans",Melton and Sons,Dancer,3/5/2024,7:31:16
Bush PLC,Garrett-Coleman,DJ,6/26/2024,0:12:26
Wise-Andrade,"Potts, Estes and Hooper",Live Band,3/14/2024,15:17:11
Ellis-Welch,Knight Group,Magician,8/14/2024,20:06:07
"Wade, Wong and Payne","Gutierrez, Richardson and Eaton",Comedian,5/19/2024,6:58:41
"Villa, Carpenter and Henry",Martin Ltd,Comedian,4/13/2024,4:34:49
"Alvarez, Rogers and Williams",Herring PLC,Magician,1/14/2024,6:55:09
Martin Inc,"Thomas, Howard and Dixon",Comedian,2/23/2024,23:32:40
Pena-Taylor,Waters-Velazquez,Comedian,1/3/2024,2:37:24
Becker-Arellano,"Beard, Bonilla and White",DJ,5/22/2024,15:30:24
Grant-Walker,"Dillon, Cook and Garcia",Comedian,6/21/2024,8:14:13
Morgan Inc,Obrien-Wright,Comedian,4/20/2024,14:09:36
"Andrade, Norton and Morris","Mcgee, Hoffman and Mclean",Live Band,8/7/2024,1:34:16
Barry-Scott,"Vega, Mills and Wolfe",Comedian,4/30/2024,3:57:40
"Williams, Wood and Clark",Mitchell-Keith,Dancer,8/31/2024,22:01:55
"Reed, Hood and King",Clark Ltd,Dancer,5/7/2024,6:28:59
"Fitzgerald, Collins and Heath",Green-Page,Dancer,3/10/2024,10:13:49
Olson-Wiggins,Ritter LLC,DJ,1/6/2024,17:23:00
Williams PLC,Sharp-Garner,DJ,8/12/2024,10:32:11
Smith Group,Pratt Group,Comedian,4/25/2024,1:45:26
"Kim, Stark and Jenkins",Johnson Inc,Comedian,3/4/2024,20:01:06
Stevens-Wilson,Michael-Campbell,Comedian,1/11/2024,4:06:39
Allen and Sons,King-Smith,DJ,6/19/2024,18:13:06
Henson-Lewis,"Morris, Sanchez and Gomez",Live Band,6/21/2024,4:29:26
"Jones, Simmons and Fischer",Rowland-Browning,DJ,2/16/2024,8:12:47
Williams-White,"Brooks, Smith and Hanna",DJ,6/18/2024,16:13:54
Robinson-Pittman,"Ryan, Morales and Morrison",Dancer,9/6/2024,17:18:23
Michael-Flores,"Bond, Wilson and Johnson",Live Band,7/2/2024,5:16:04
Rodriguez-Lam,Davis and Sons,Live Band,2/1/2024,5:54:07
"Weaver, Harris and Phillips",Douglas PLC,Dancer,1/14/2024,8:14:21
Palmer-Murray,Maynard-Molina,DJ,6/29/2024,14:15:06
"Green, Hall and Wilson",Sanchez-Cunningham,DJ,6/18/2024,0:47:33
"Garcia, Quinn and Wright",Contreras LLC,DJ,3/28/2024,9:15:22
Hobbs-Osborn,"Schultz, Fuller and Smith",Live Band,4/17/2024,17:11:45
Harmon PLC,Hill-David,Comedian,2/19/2024,9:58:42
Trevino-Martinez,Martin Group,Comedian,8/17/2024,3:45:16
"Nelson, Maddox and Cunningham",Moore Inc,Magician,7/4/2024,11:51:15
Leonard Ltd,Armstrong Ltd,Dancer,6/22/2024,10:30:52
"Guerrero, Walker and Decker",Davis Inc,Live Band,2/3/2024,21:41:35
Brown LLC,"Walker, Perez and Scott",Magician,9/8/2024,5:12:07
"Murphy, Brooks and Castillo","Gibbs, Doyle and Herrera",Live Band,5/17/2024,18:02:22
"Jackson, Pacheco and Tran","Hammond, Crawford and Frost",Live Band,6/9/2024,1:36:16
Richardson-Walters,"Carey, Rowe and Sanchez",Live Band,7/28/2024,0:00:54
Mcdowell and Sons,"Lewis, Hall and Taylor",Live Band,4/30/2024,13:51:49
Dixon Inc,Burke Inc,Dancer,7/11/2024,15:21:58
Hubbard Group,"Monroe, Lara and Hamilton",Comedian,7/2/2024,19:58:15
"Saunders, Costa and Young","Cole, Smith and Jensen",Magician,6/24/2024,3:28:32
Cabrera Group,"Warren, Macias and Flores",Comedian,5/1/2024,7:29:36
Franklin-Anderson,"Clark, Bishop and Spencer",Comedian,8/8/2024,6:59:51
Lester-Rodriguez,"Morales, Boyd and Williams",Magician,4/30/2024,0:39:34
Fox LLC,"Knight, Frost and Baker",DJ,2/2/2024,10:33:13
Bryant-Smith,"Parker, Martinez and Edwards",Comedian,2/14/2024,14:10:45
Peters and Sons,"Mccann, Mccarty and Palmer",Live Band,2/11/2024,2:03:18
"Koch, Lamb and Mclaughlin",Griffin-Hendricks,DJ,1/30/2024,17:12:13
"Edwards, Abbott and Green",Morris-Jones,Dancer,4/5/2024,2:09:02
"Morales, Lee and Stewart",Cline-Paul,DJ,6/13/2024,6:10:30
Cruz-Brown,Randall Ltd,Live Band,6/20/2024,15:08:49
Edwards Ltd,Wall-Garcia,DJ,1/27/2024,15:12:06
Cooper Group,Duncan Ltd,Magician,8/17/2024,23:10:11
"Swanson, Barrett and Green",Giles Inc,Comedian,6/29/2024,15:21:19
"Martin, Smith and Berry",Collins Group,Live Band,9/6/2024,5:13:48
Oconnor and Sons,Black Inc,Dancer,1/9/2024,6:52:41
Johnson-Burton,Yang-Hill,Live Band,7/29/2024,12:56:17
Allen Inc,"Turner, Weeks and Gonzalez",Live Band,3/10/2024,0:53:05
Dougherty LLC,"Morales, Griffin and Woods",DJ,2/25/2024,3:29:14
Nicholson LLC,Smith-Trevino,Comedian,6/8/2024,17:11:23
"Henderson, Stafford and Robinson","Pugh, Schroeder and Rodriguez",Magician,8/5/2024,14:15:35
Thomas-Collins,"Davis, Cruz and Baker",Dancer,5/8/2024,11:22:27
"Murphy, Hatfield and Burgess",Ramirez-Rangel,Dancer,3/5/2024,9:32:42
Smith-Macdonald,"Miranda, Mckinney and Arnold",Comedian,5/10/2024,8:34:33
"Schmidt, Fitzgerald and Parks",Owens-Alvarez,Live Band,3/2/2024,2:42:59
Malone-Cunningham,Noble and Sons,Dancer,4/4/2024,13:45:26
Ortiz Group,"Williams, King and Burch",Dancer,7/5/2024,6:09:22
Smith and Sons,Ward-Reyes,Comedian,6/1/2024,8:59:07
"Melton, Palmer and Oconnor",Thompson-Mitchell,Comedian,3/6/2024,0:10:05
Miller and Sons,Williams-Gordon,DJ,2/7/2024,18:53:44
Wright Inc,Middleton-Chang,Comedian,5/21/2024,1:23:08
Newton Ltd,"Flores, Galloway and Bailey",Comedian,3/2/2024,19:39:53
"Jackson, Miller and Pennington",Stokes PLC,Magician,6/25/2024,12:25:04
"Garcia, Fuller and Mckinney",Howard PLC,Live Band,2/7/2024,20:55:57
"Guzman, King and Shaffer",Neal-Henry,Dancer,2/29/2024,19:01:47
"Bennett, Garrett and Preston",Moore-Bailey,Dancer,5/8/2024,11:31:49
Davis-Carter,Wilson Ltd,DJ,1/15/2024,2:19:34
Ellis PLC,James Group,Comedian,2/14/2024,4:18:52
Martin-Mullins,"Hancock, Houston and Nguyen",Comedian,4/26/2024,18:48:17
Nelson-Vasquez,"Smith, Coffey and Lewis",Magician,5/1/2024,17:36:11
Smith-Moreno,Marshall Ltd,Magician,4/16/2024,18:09:06
Pierce-Madden,"Ross, Brown and Garcia",Dancer,3/8/2024,15:23:36
"Duncan, Baker and Mcdaniel",Smith Group,DJ,8/15/2024,3:34:57
Foster-Wilson,"Guerrero, Serrano and Mitchell",Comedian,3/21/2024,11:35:39
Crawford-Smith,Cook PLC,DJ,6/1/2024,2:01:26
"Forbes, King and Becker",Baker-Hall,Dancer,7/2/2024,1:04:55
"Parsons, Roberts and Parks","Meyer, Ramos and Zimmerman",DJ,8/4/2024,7:30:51
Farmer PLC,"Roth, Flores and Warren",Live Band,1/8/2024,10:36:06
Hughes-Flowers,Baldwin Inc,Live Band,4/14/2024,20:18:11
Clark-Knight,"Sanchez, Wilkins and Ryan",Dancer,9/2/2024,9:19:54
Ballard-Hahn,Hernandez-Baldwin,Live Band,6/4/2024,0:05:46
Willis Ltd,"Vasquez, Snyder and White",Dancer,8/9/2024,21:47:07
"Maldonado, Gomez and Hendricks",Jackson-Ward,DJ,2/13/2024,13:28:54
Rivera Ltd,"Phillips, Charles and Peterson",Comedian,4/25/2024,22:25:44
Richards Inc,Perez-Smith,Live Band,5/23/2024,14:19:23
"Moore, Cooper and Carter","Arroyo, Taylor and Dickson",Magician,7/28/2024,23:28:36
Morris-Patton,Kline-Martin,Live Band,8/2/2024,2:33:56
"Jordan, Jackson and Kramer",Bauer and Sons,DJ,5/28/2024,19:25:52
"Williams, Martinez and Noble","Moore, Taylor and Kelley",DJ,4/22/2024,9:01:30
"Castillo, Arroyo and Cardenas",Price-Wood,Live Band,4/24/2024,15:04:52
Burgess-Lopez,Osborne-Duran,DJ,1/31/2024,22:46:29
"Boyle, Ramirez and Greer",Chapman Inc,Comedian,6/23/2024,10:54:24
"Jackson, Hopkins and Moore",Rowe-Richardson,Magician,3/28/2024,7:38:27
David Ltd,Downs Ltd,Live Band,4/22/2024,14:07:57
"Jacobs, Fischer and Baker","Watson, Brown and Lopez",DJ,7/3/2024,18:39:15
Smith-Osborne,"King, Hernandez and Huff",Magician,1/9/2024,18:44:48
"Ramirez, Scott and Rose",Burke PLC,Comedian,4/2/2024,1:31:14
Branch-Lee,Flores PLC,Dancer,1/8/2024,12:54:32
Moody-Kirk,"Garrett, Davis and Martin",Live Band,2/12/2024,7:51:25
"Moore, Guerrero and Bradshaw",Mcdonald-Griffin,Dancer,1/9/2024,21:30:39
"Cruz, Marshall and Johnson",Barnes-Davis,Magician,5/10/2024,5:02:40
Fields-Lindsey,Green and Sons,Magician,6/13/2024,9:37:07
Yoder LLC,West-Miller,Live Band,2/25/2024,4:47:01
"Jarvis, Moore and Lee",Adams-Bates,Dancer,4/25/2024,22:34:28
Burton-Crawford,Gutierrez and Sons,DJ,1/16/2024,1:19:27
"Moss, Duncan and Allen",Moore Group,Dancer,2/9/2024,3:49:36
Duffy Group,"Simmons, Flynn and Warner",Dancer,2/8/2024,23:07:41
Berry and Sons,Diaz Inc,DJ,4/29/2024,14:13:41
"Reeves, Shields and Jacobson",Ortiz-Hull,Live Band,6/30/2024,5:34:31
"Garcia, Lopez and Alexander",Randall Group,DJ,4/29/2024,8:15:09
Reilly Ltd,Weber-Gonzalez,Dancer,2/24/2024,20:35:27
Shepard-King,Pitts PLC,Comedian,6/15/2024,10:25:25
Lynch-Davis,Powell Group,Dancer,4/8/2024,1:28:05
Vasquez LLC,Greene-Mcgrath,Live Band,5/20/2024,17:22:58
Farmer Group,Brown-Thompson,Dancer,4/10/2024,23:09:33
Rowe-Garrett,Martinez-Dean,Comedian,6/11/2024,17:56:45
Terry-Carson,Johnston Group,Live Band,6/12/2024,10:05:43
"Marshall, Gallegos and Martinez",Robbins LLC,Dancer,8/12/2024,7:58:45
"Ramirez, Short and Sanders",Finley Group,DJ,7/19/2024,19:37:21
"Taylor, Miller and Hancock",Castillo-Bailey,Comedian,5/1/2024,9:02:32
Smith-Lee,Collins Inc,Magician,8/12/2024,3:58:20
Powers Group,Dominguez-Nelson,Magician,7/6/2024,2:28:11
Edwards Inc,Smith-Mitchell,Magician,6/18/2024,19:33:42
Long-Martinez,Chung-Perez,Live Band,4/2/2024,4:28:02
"Hill, Lambert and Larson",Walker PLC,Magician,9/1/2024,5:30:21
Delacruz-Dixon,Anderson-King,DJ,3/10/2024,9:34:31
Martinez and Sons,"Ray, Spencer and Townsend",Magician,6/25/2024,12:31:24
Thornton-Moran,Cunningham-Stanley,Live Band,4/21/2024,7:09:00
"Williams, Colon and Williams","Castillo, Stafford and Morrow",Live Band,2/22/2024,15:39:39
"Vazquez, Terry and Hughes",Salazar-Marsh,Magician,2/7/2024,23:10:35
Cooper PLC,Garner Group,Dancer,8/6/2024,1:53:40
Miller and Sons,"Carey, Cooper and Salinas",Live Band,3/11/2024,9:07:12
Harris-Green,Krueger-Green,Magician,2/20/2024,6:25:39
"Erickson, Casey and Holmes","Davies, Allen and Wilkinson",Comedian,4/7/2024,15:57:01
Lutz-Moore,Schwartz Group,DJ,4/19/2024,8:36:15
Tran-Johnson,Johnson-Velez,Comedian,4/17/2024,9:53:49
"Thompson, Hunt and Huang","Ortiz, Rose and Vaughn",Dancer,2/11/2024,20:36:27
Meyers-Jones,Garcia-Nelson,Dancer,5/3/2024,12:27:27
"Gibbs, Carr and Burnett",Webster LLC,Dancer,2/13/2024,7:28:38
"Moore, Cook and Rios",Martin and Sons,Live Band,1/2/2024,16:29:20
Ingram-Brown,"Watkins, Moore and Garcia",Magician,3/17/2024,2:57:36
Hoover LLC,Andrews-Campbell,Comedian,1/26/2024,19:22:24
Hess Inc,Ramirez LLC,Live Band,8/11/2024,22:17:58
Patterson LLC,Gutierrez LLC,Dancer,5/3/2024,22:19:30
"Hayes, Bass and Hunt","Larson, Warren and Green",Live Band,7/24/2024,21:40:44
"Wilson, Stewart and Johnson",Yu PLC,Magician,1/18/2024,6:28:41
"Martinez, Morgan and Lawson",Johnson Ltd,Magician,4/13/2024,12:16:22
Gutierrez Inc,Lawson-Norton,Comedian,8/22/2024,15:59:50
"Collins, Price and Williams","Matthews, Perez and Coleman",Dancer,9/10/2024,2:22:37
"Jackson, Hull and Mcintosh","Miller, Andersen and Wright",Comedian,7/7/2024,10:31:37
Brown-Kelly,"Cooper, Ramsey and Gamble",DJ,6/15/2024,16:30:15
"Avila, Chambers and Hart",Smith Group,Live Band,2/16/2024,14:36:04
Gutierrez-Johnson,Cochran-Watson,Comedian,3/7/2024,8:08:45
Lee-Hughes,Black-Daugherty,Dancer,4/9/2024,1:23:11
Davis-Johnson,"Ross, Harding and Reeves",Comedian,3/16/2024,0:27:49
Thompson PLC,Williamson and Sons,Comedian,3/30/2024,1:50:39
"Valdez, Smith and Bryant",Morris PLC,DJ,8/20/2024,6:50:47
"Reese, Neal and Alvarez",Thomas-Wiley,Live Band,5/1/2024,15:01:09
Nichols Group,Calhoun Ltd,Magician,3/10/2024,7:25:30
Johnson-Black,Clark-Jenkins,Dancer,1/15/2024,6:34:53
Cook Inc,"Brewer, Jenkins and Morgan",Magician,1/21/2024,11:01:46
Donaldson-Moore,Villa and Sons,Dancer,1/1/2024,18:17:42
"Garrett, Mitchell and Johnson",Young-Sandoval,Comedian,3/16/2024,4:17:43
Morgan-Blackburn,Lewis Group,Live Band,2/6/2024,16:41:22
"Thomas, Thompson and Mccall",Gonzalez-Harris,Comedian,1/20/2024,10:07:55
"Frazier, Hahn and Villa","Ramirez, Espinoza and Lewis",Magician,7/11/2024,1:58:06
Dougherty-Webb,"Garcia, Mullins and Cox",DJ,2/5/2024,7:31:35
"Gregory, Williams and Allen","Shields, Bright and Hicks",Live Band,4/29/2024,12:10:28
Murphy-Burch,Riley-Knight,Comedian,3/17/2024,21:57:23
Perez-Johns,"Whitehead, Rodriguez and Reynolds",Comedian,7/14/2024,6:11:40
Cox-Cunningham,Casey Inc,Dancer,5/18/2024,9:22:43
Cunningham-Smith,Rivera-Howell,Live Band,9/2/2024,5:19:34
"Smith, Price and Solis",Allen LLC,Magician,6/14/2024,13:27:51
Smith LLC,"Brown, Myers and Hernandez",Dancer,3/3/2024,10:20:29
"Smith, Williams and Frost",Walker-Young,Live Band,4/3/2024,17:35:48
"Carr, Osborne and Nunez",Klein Inc,Comedian,7/14/2024,11:55:28
French-Barnes,Woods-Arnold,Magician,8/3/2024,18:23:19
"Mcintyre, Cook and Wright",Melton-Robinson,DJ,8/13/2024,19:12:00
Cox and Sons,Cook Ltd,Magician,3/5/2024,0:42:35
"Morales, Anderson and Knight",Garcia-Hayes,Comedian,6/25/2024,9:29:47
Church-Reynolds,"Alvarez, Floyd and Lee",Dancer,5/29/2024,15:12:33
Sanchez-James,Caldwell-Morrison,Live Band,3/19/2024,5:44:06
Allen-Olson,"Powell, Jordan and Myers",Comedian,1/21/2024,20:41:44
"Jones, King and Hill",Hardy PLC,Dancer,7/24/2024,14:55:28
"Watson, Johnson and Carr",Rodriguez-Young,Comedian,8/27/2024,7:02:53
Mcdowell-Hill,Fleming-Knight,Magician,8/28/2024,13:22:42
"Morris, Yates and Maynard",Torres and Sons,Live Band,6/14/2024,9:12:33
Ferguson Inc,Walker-Riley,Dancer,8/8/2024,7:26:02
Reeves Inc,Ward Inc,Comedian,7/10/2024,22:45:39
Simon-Bray,Pennington-Walton,DJ,2/28/2024,6:33:36
Middleton-Reeves,"Norton, Kelley and Johnson",Comedian,6/7/2024,13:09:42
"Murray, Jackson and Wells",Brown PLC,Magician,8/24/2024,12:15:51
Lawrence LLC,Chavez-Schneider,Dancer,7/19/2024,5:09:05
"Rodriguez, Richardson and Thomas","Reyes, Fisher and Pope",Dancer,7/16/2024,14:35:33
Miranda-Mccoy,Mcbride Inc,Comedian,1/30/2024,12:47:28
Gonzalez LLC,Bailey Ltd,DJ,3/7/2024,6:49:12
Cummings LLC,"Wilson, Vaughn and Savage",Comedian,8/11/2024,3:29:06
James-Williams,"Fox, Garcia and Berry",Magician,3/6/2024,7:50:01
"Reynolds, Fleming and Adams","Johnson, Vargas and Jenkins",Dancer,5/2/2024,19:37:20
"Clark, Anderson and Rodriguez",Garcia-White,DJ,8/29/2024,18:08:29
Martin-Jordan,Spencer and Sons,Comedian,3/3/2024,14:19:49
Ford-May,Hull-Sloan,Dancer,8/25/2024,3:01:34
"Becker, Strickland and Gardner",Harris-Boyd,Comedian,6/8/2024,1:25:42
"Taylor, Hernandez and Martin",Rosales-Wiggins,Live Band,5/20/2024,5:49:44
Fox Group,Long Ltd,DJ,9/5/2024,20:44:54
Yoder-Hanson,Jones-Perez,Dancer,8/27/2024,0:19:14
Moran-Rogers,Moore Ltd,DJ,6/13/2024,16:08:28
Lang Group,Fisher-Franklin,DJ,6/10/2024,2:40:34
Nolan-Peterson,Dunn PLC,DJ,4/22/2024,0:10:31
"Schmitt, Patel and Thomas","Beck, Moore and Snyder",Dancer,3/21/2024,18:51:23
Rollins-Manning,"Lamb, Williams and Parker",Magician,6/6/2024,4:40:35
Young-Melendez,"Castillo, Bryant and Newton",Magician,6/7/2024,23:19:56
Reed-Fry,Rivera-Bowman,Comedian,8/15/2024,5:34:38
"Torres, Ortiz and Sullivan","Hall, Brown and Valencia",Magician,6/10/2024,8:42:34
Vega and Sons,"Young, Middleton and Mccarty",Comedian,7/13/2024,5:27:44
Smith PLC,Allen-Dixon,Dancer,3/28/2024,18:54:00
"Bush, Walls and Holmes",Carter-James,DJ,6/27/2024,16:16:56
"Maxwell, Wolfe and Larson","Flores, Randall and Clark",DJ,2/3/2024,9:59:17
"Holden, Rodriguez and Barker",Turner and Sons,Live Band,1/4/2024,7:18:07
"Jackson, Miller and Johnson",Sanchez PLC,DJ,8/18/2024,6:25:53
Stafford Ltd,Stewart Group,Comedian,7/3/2024,3:06:08
Flores-Lowe,Camacho-Sanchez,Magician,7/23/2024,22:18:11
Silva-King,"Mays, Long and Jones",Dancer,1/14/2024,20:28:11
Burnett-Perez,Gonzales-Davis,Comedian,5/6/2024,22:20:12
Hoffman Inc,Fowler PLC,DJ,5/10/2024,11:00:34
"Mccall, Jackson and Carey",Baker-Myers,Dancer,5/5/2024,10:34:57
Johns PLC,Johnson and Sons,Magician,7/6/2024,17:15:18
Franklin-Clark,Perry LLC,DJ,9/3/2024,13:41:35
"Sutton, Baker and Matthews",Brock-James,Comedian,8/11/2024,18:07:25
Jackson-Alexander,Middleton-Stanley,Live Band,4/19/2024,20:22:10
Hendricks Inc,"Garza, Solomon and Johnson",Comedian,8/11/2024,19:16:16
"Chapman, Cook and Hunter","Andersen, Young and Lam",Dancer,7/24/2024,16:02:27
Williams-Harvey,"Cook, Taylor and Carter",Comedian,1/28/2024,23:49:55
Whitaker-Henry,Wright-Jones,DJ,1/24/2024,0:45:48
"Long, Baker and Hall",Oliver and Sons,Comedian,1/27/2024,23:41:34
Moore-Phelps,Smith Ltd,Dancer,4/24/2024,10:23:57
Bryant Inc,Ramos LLC,Live Band,3/12/2024,2:01:37
Long-Benton,"Fox, James and Aguirre",Magician,4/16/2024,1:49:51
"Davis, Olson and Olsen","Jackson, Jackson and Dalton",Comedian,4/4/2024,21:36:03
Thomas-Cain,"Ross, Davis and Boyer",Live Band,2/4/2024,0:18:11
Barrett Inc,Farley Group,Magician,2/6/2024,14:43:47
"Taylor, Hansen and Smith","Hicks, Green and Bennett",Dancer,8/9/2024,18:50:02
Grant-Campos,Heath-Benjamin,Dancer,3/14/2024,16:16:20
Klein-Rodriguez,Conley Ltd,Live Band,1/14/2024,8:13:02
Hansen-Baxter,Dalton PLC,Live Band,4/27/2024,3:19:59
Brennan-Jennings,Mills Ltd,Magician,6/18/2024,1:05:20
Perez LLC,"Sweeney, Charles and Mclean",Comedian,4/9/2024,0:24:46
Walker-Simpson,Ramirez-Mclaughlin,Dancer,2/2/2024,12:45:59
"House, Davis and Torres",Flores Ltd,Live Band,7/17/2024,12:05:03
Perez-Richardson,Mosley-Eaton,Live Band,8/24/2024,15:23:26
Valencia-Thomas,"Richards, Lang and Rodriguez",DJ,1/13/2024,14:07:30
Boyle-Newton,Woods LLC,Live Band,1/8/2024,5:56:28
Keller-Harrington,Strong-Johnson,Comedian,2/20/2024,5:17:17
Cruz-Anderson,"Thompson, Martin and Brady",DJ,3/31/2024,23:12:25
Morales PLC,"Schaefer, Camacho and Gonzalez",DJ,2/2/2024,11:06:53
Perez-Fletcher,"Clements, Riley and Brown",Live Band,6/14/2024,13:16:00
"Moon, Reynolds and Howard",Armstrong Ltd,DJ,2/20/2024,3:46:35
Saunders-Klein,Burnett-Gibson,DJ,8/18/2024,7:02:04
Delacruz-Castillo,"Carr, Ramirez and Rivera",Magician,8/24/2024,4:05:18
Martinez-Moore,Petty-Jones,DJ,5/16/2024,3:00:00
Paul LLC,Herrera-Colon,Live Band,1/30/2024,9:28:07
Perez-Becker,Archer and Sons,Live Band,3/21/2024,21:30:16
Marshall-Murray,Perry-Ryan,Magician,3/29/2024,0:27:11
"Poole, Walker and Ross","Bell, Gomez and Romero",Magician,7/2/2024,12:44:39
Tucker-Edwards,"Smith, Brock and Huynh",Magician,8/8/2024,13:31:15
"Smith, Ruiz and Long","Fisher, Mcknight and Rodriguez",Magician,2/5/2024,22:17:12
Hoover Group,"Fisher, Tyler and Burgess",DJ,7/21/2024,15:43:44
Johnston Inc,"Bryant, Burton and Reyes",Dancer,3/27/2024,23:14:35
Davis-Gonzalez,Ortiz PLC,DJ,7/16/2024,7:23:05
White-White,Cooper LLC,Comedian,6/28/2024,6:06:53
"Diaz, Hall and Williams",Thomas-Dickson,DJ,3/2/2024,18:30:22
Nichols-Anderson,"Ramos, Ellison and Sloan",Comedian,6/26/2024,4:07:36
"Obrien, Gaines and Miller","Lopez, Wade and Santiago",Magician,8/22/2024,23:48:17
Gonzalez-Smith,Whitaker Group,DJ,5/25/2024,7:55:20
"Mathis, Jones and Thompson","Cummings, Hunter and Taylor",DJ,4/7/2024,5:22:12
Perez Group,"Johnson, Gonzalez and Campbell",Comedian,2/24/2024,19:04:02
Wells-Smith,Baker PLC,Comedian,2/13/2024,5:46:06
James Inc,Neal-Mitchell,Magician,4/28/2024,5:19:54
"Blevins, Johnson and Reed",Johnson PLC,Comedian,7/7/2024,23:27:41
Wilcox-Byrd,Wall-West,Live Band,7/14/2024,7:40:21
"Taylor, Holmes and King",Williams Group,Live Band,1/23/2024,7:21:03
Espinoza LLC,"Vazquez, Smith and Jackson",Magician,6/5/2024,3:34:29
Schwartz PLC,Richardson and Sons,Dancer,3/25/2024,5:40:35
"Taylor, Clark and Daugherty",Hammond-Mason,Dancer,6/16/2024,17:24:12
Harris-Romero,"Moore, Davis and Lewis",DJ,6/25/2024,1:45:09
Hansen Ltd,Stanton Group,Comedian,8/16/2024,11:07:44
Martinez-Barry,Rivera-Lee,Magician,2/18/2024,16:35:30
White-Kelley,"Avila, Bradley and Bradley",Comedian,5/29/2024,18:08:32
Butler Group,Mueller-Harris,DJ,1/16/2024,7:08:05
Cunningham LLC,Melton Group,Dancer,8/5/2024,10:19:43
Chavez LLC,Williams and Sons,DJ,1/2/2024,14:47:18
Rowe-Jenkins,Sanders-Mccoy,Live Band,7/14/2024,11:56:15
Cummings-Smith,Thomas LLC,DJ,4/6/2024,23:45:49
Benjamin-Rowe,"Aguirre, Parker and Williams",Comedian,7/26/2024,18:27:20
Jordan LLC,Evans Group,DJ,8/12/2024,6:23:12
Alvarez-Perez,Austin Ltd,DJ,5/22/2024,4:46:27
Ward-Tucker,Davis-Ellis,Live Band,1/13/2024,4:49:12
Novak PLC,Montgomery Inc,DJ,2/21/2024,0:22:48
"Miller, Evans and Holmes",Howard Group,Comedian,2/4/2024,22:37:25
"Martinez, Brown and Cooper",Collins Ltd,Dancer,7/22/2024,8:32:35
Berg-Trujillo,Ingram Inc,Magician,2/11/2024,8:39:15
Myers-Lopez,"Morrison, Savage and Simpson",Dancer,3/26/2024,6:44:45
Lee-Myers,Underwood-Rhodes,Magician,3/4/2024,12:27:04
Barron-Fleming,Stone-Mcmahon,Dancer,5/30/2024,4:31:17
"Lopez, Murphy and Stone",Hays PLC,Dancer,5/24/2024,15:41:26
"Marquez, Wheeler and Hamilton",Jones-Gutierrez,Live Band,3/21/2024,14:45:20
"Barker, Snyder and Alvarado","Flores, Oconnor and Miller",Live Band,1/28/2024,12:19:52
George Inc,"Peterson, Harvey and Reeves",Live Band,6/7/2024,11:54:04
Freeman PLC,"Pope, Williams and Wright",Comedian,3/18/2024,1:52:03
Peters-Gonzalez,Medina-Richard,Comedian,2/25/2024,10:33:07
Brown and Sons,Noble-Lawrence,Dancer,3/31/2024,21:15:35
Sawyer-Bishop,"Cordova, Jones and Carter",DJ,7/1/2024,4:59:21
"Cohen, Atkins and Todd",Sutton-Richardson,Dancer,8/26/2024,9:52:21
Middleton-Walters,Harvey-Pearson,Comedian,6/8/2024,22:35:20
Mcclure-Morgan,Goodwin Group,Comedian,4/26/2024,15:20:22
"Lee, Watson and Bridges",Bell-Brewer,Magician,5/17/2024,21:53:02
"Kim, Gonzales and Alvarado","Olson, Ward and Scott",Comedian,3/2/2024,6:31:00
Jones-Robinson,"Clark, Taylor and Ortega",Magician,4/17/2024,3:47:25
Walton Group,Rios-Thompson,Dancer,4/25/2024,15:23:02
Zimmerman-Clark,Salas PLC,Dancer,6/3/2024,2:06:34
Padilla-Smith,"Saunders, Vazquez and Medina",Dancer,5/25/2024,3:06:23
Miller Group,Drake-Webb,DJ,4/2/2024,1:57:07
"Hudson, Gibbs and Fernandez",Smith Ltd,DJ,4/4/2024,9:20:55
"Smith, Ferrell and Taylor",Bell-Kim,Live Band,3/18/2024,20:00:01
"Knox, Parker and Stephens","Buck, Williams and Henderson",Comedian,6/9/2024,2:50:50
Miller Ltd,"Davis, Schmitt and Harrison",Dancer,8/31/2024,20:52:01
Goodwin-Harris,Wilson Inc,DJ,2/23/2024,20:00:07
"Todd, Collins and Mcgee",Wells Inc,Comedian,6/6/2024,7:26:59
Austin Inc,Smith and Sons,DJ,4/19/2024,2:35:22
"Boyer, Hunt and Hernandez",Gill-Krause,Comedian,3/21/2024,14:11:42
Rodriguez-West,Allen and Sons,Magician,3/6/2024,15:12:30
Reyes Ltd,"Barrett, Brown and Cole",Magician,1/17/2024,1:31:22
"Pennington, Perez and Lawrence",Hernandez-Jones,Dancer,5/3/2024,20:06:22
Williams LLC,"Carlson, Prince and Walsh",Live Band,5/12/2024,15:29:18
"Silva, Washington and Moses",Tate-Baker,Live Band,8/22/2024,18:38:08
"Mendoza, Flores and Daniel",Snyder Inc,Magician,1/14/2024,21:50:15
Wilson PLC,"Hernandez, Wood and Flores",Live Band,4/22/2024,8:22:23
"Walls, Anderson and Thomas","Abbott, Whitney and Bradford",Magician,3/13/2024,18:52:10
Wilson Group,"Austin, Pham and Mueller",Magician,7/8/2024,19:02:03
Johnson LLC,"Robertson, Evans and Wright",Dancer,2/22/2024,22:08:25
Cruz-Cooper,Gomez Inc,Live Band,9/7/2024,9:38:02
Jensen-Walsh,Perry-Henderson,Live Band,1/18/2024,23:11:43
"Summers, Weaver and Morgan",Moreno-Rodriguez,Dancer,3/5/2024,3:03:12
"Smith, Odonnell and Weiss",Martinez-Sanford,Live Band,8/6/2024,2:29:02
"Roy, Rivera and Cooper",Ochoa Group,Dancer,3/22/2024,15:55:17
Austin Group,"Johnson, Nelson and Hopkins",DJ,5/23/2024,13:01:19
King Inc,"Davila, Hurley and Young",Live Band,6/27/2024,23:55:58
"Jones, Duarte and Anderson",Brown Inc,Magician,6/13/2024,10:11:56
Meyer and Sons,Hall LLC,Live Band,3/29/2024,21:54:20
Davis-Huff,Mccoy Ltd,Magician,7/24/2024,5:37:58
Cowan Ltd,"Davis, Scott and Brown",Live Band,2/19/2024,2:40:04
"Hayden, Ross and Lynch",Henderson LLC,Live Band,3/11/2024,21:44:59
"Gonzales, Moore and Le",Winters-Garza,Dancer,7/6/2024,18:52:31
Dickson-Kelley,"Becker, Rodriguez and Taylor",Comedian,7/22/2024,23:31:24
Robinson LLC,Wood LLC,Comedian,8/27/2024,14:28:39
Hill Ltd,Brown-Ortiz,Live Band,2/25/2024,2:23:48
Miller LLC,Ramirez-Merritt,Comedian,1/9/2024,1:14:14
Brennan-Casey,Burns and Sons,Magician,8/20/2024,16:02:14
Johnson-Carr,Jones LLC,Dancer,1/16/2024,13:34:37
Pratt-Jackson,"Guerrero, Martin and Walsh",Comedian,6/5/2024,3:17:42
Werner-Hunt,Larsen Inc,Magician,2/21/2024,1:55:32
Grimes-Davis,Huber-Mason,Dancer,1/25/2024,0:29:17
"Patel, Ortiz and Miller",Brown-Howard,Dancer,3/19/2024,11:53:50
Barajas-Thompson,Vargas-Harris,Live Band,8/9/2024,11:55:51
Fuller Ltd,Wagner-Mcintyre,Comedian,5/28/2024,20:41:06
"Mitchell, Johnson and Smith",Bell PLC,Live Band,3/22/2024,17:59:29
Jones-Daugherty,Peterson-Nixon,Comedian,7/4/2024,12:18:32
Stewart-Kelley,"Montgomery, Wiggins and Johnson",Dancer,1/2/2024,23:36:42
Williams-Erickson,Goodwin-Holland,DJ,6/5/2024,8:22:39
"Black, Green and Brown",Stewart Group,Magician,7/23/2024,6:56:18
Barnes-Aguilar,Allen-Rosales,Magician,7/29/2024,12:00:54
Tapia-Lozano,Mcconnell-Mckay,DJ,2/18/2024,7:27:01
"Burns, Cole and Martinez","Hansen, Campbell and Weiss",Comedian,4/11/2024,20:24:09
Jackson-Williams,"Lopez, Clark and Marsh",Magician,6/28/2024,0:07:48
"Morton, Reyes and Allen",White Inc,Magician,1/20/2024,8:54:41
Garcia-White,Morton-Blanchard,Comedian,5/2/2024,17:39:55
Horne Inc,"Brown, Abbott and Hartman",Comedian,7/6/2024,22:11:50
Fox-Martinez,"Montgomery, Diaz and Martin",DJ,1/22/2024,6:19:22
Porter LLC,Perry-Evans,DJ,7/7/2024,9:01:59
Reynolds-Terry,Ponce-Patterson,Live Band,2/23/2024,12:56:57
Martin PLC,Ritter Ltd,DJ,2/22/2024,7:30:22
Harris-Hernandez,Alvarado and Sons,Comedian,8/27/2024,7:31:18
Mccormick-Lopez,Fernandez-Soto,Dancer,5/16/2024,6:22:18
Stephens-White,Martinez-Galvan,Comedian,6/26/2024,14:20:33
"Butler, Stephenson and Acevedo","Thomas, Howard and Ortega",Dancer,5/7/2024,12:11:35
Chang and Sons,Joseph LLC,DJ,1/24/2024,6:35:56
"Maldonado, Mcgee and Warren",Gilbert-Davis,Live Band,2/2/2024,2:57:48
Lindsey-Foley,Salas-Hester,Dancer,3/17/2024,1:38:44
"Harmon, Bowen and Tyler","Carr, Smith and Alvarez",Magician,8/16/2024,4:57:07
Brown and Sons,Jones and Sons,DJ,1/1/2024,1:22:07
Wagner-Lewis,"Stuart, Bartlett and Gonzalez",Magician,2/2/2024,14:42:45
"Fox, Garcia and Foley",Smith-Neal,Dancer,6/9/2024,4:17:07
"Smith, Bryan and Miller","Smith, Williamson and Cooper",Magician,4/15/2024,3:39:19
"Terrell, Reese and Cole",Miller-Estrada,Magician,3/21/2024,20:55:20
Rollins-Dudley,"Woodard, Thomas and Bryant",Comedian,2/14/2024,22:37:51
"Foster, Barber and Stafford","Lambert, Edwards and Brooks",DJ,5/11/2024,9:05:00
Willis Ltd,Owens Ltd,Dancer,4/1/2024,5:47:30
Hodge Inc,Tapia PLC,Live Band,5/9/2024,20:11:45
"Lamb, Steele and Wright",Craig Group,Comedian,7/4/2024,22:40:46
"Strickland, Juarez and Taylor",Ortiz Group,Live Band,8/3/2024,13:39:11
"Beard, Roberts and George","Bradley, Torres and Hughes",Dancer,6/1/2024,3:32:30
Estrada-Richardson,"Johnson, Robinson and Martin",Dancer,7/31/2024,5:09:03
Shaw-Barker,Murray and Sons,Live Band,3/15/2024,4:17:17
Johnson Ltd,Lee-Wagner,Dancer,3/30/2024,5:20:51
Franklin LLC,Conrad Group,Live Band,6/1/2024,15:18:15
Turner-Taylor,Price-Roberson,Magician,1/28/2024,2:17:50
Pace-Haynes,Morgan-Lynch,DJ,7/7/2024,23:25:13
Bailey-Little,"Schultz, Wolf and Johnston",DJ,7/7/2024,1:04:48
Foster-Morales,"Le, Williams and Washington",Live Band,1/7/2024,4:30:49
"Evans, Briggs and Cunningham",Adams-Perez,Magician,6/19/2024,17:24:43
Lopez and Sons,Johnson Ltd,Live Band,3/17/2024,7:28:03
Robertson-Hicks,Reyes-Young,Live Band,1/1/2024,0:05:51
"Holmes, Mccullough and Strickland","Johnson, Burton and Gonzalez",Live Band,3/17/2024,2:15:41
"Huff, Holland and Stark","Osborne, Humphrey and Holt",Dancer,3/29/2024,3:09:53
Hamilton-Bryant,Ferguson-Haynes,Comedian,4/29/2024,13:37:59
"Rose, Clarke and Lee",Harrell-Dean,Dancer,8/24/2024,22:27:49
Ellis-Jones,Barajas LLC,Live Band,7/19/2024,7:27:56
Harper LLC,Robinson-Jensen,Magician,3/5/2024,13:51:03
Petersen and Sons,Nicholson-Hernandez,Magician,2/5/2024,11:37:13
Montgomery Ltd,"Gould, Jenkins and Nichols",Live Band,7/7/2024,1:44:29
Lynch-Adams,Baker LLC,Magician,8/20/2024,2:39:10
"Ewing, Smith and Lawson",Villanueva-Tate,Magician,6/1/2024,14:31:34
Guerra LLC,Meyers-Malone,Dancer,5/31/2024,0:11:54
Long Group,"Green, Clark and Ellis",Magician,3/8/2024,6:36:05
"Cox, Kelly and Perkins",Davis Inc,DJ,1/12/2024,9:08:34
Lyons and Sons,Valencia-Barnes,Magician,1/25/2024,8:35:51
Wheeler LLC,"Coleman, Wright and Santos",Dancer,1/31/2024,4:51:36
Rodgers-Harrell,"Horton, Estrada and Flores",Dancer,2/8/2024,0:38:26
Gonzalez-Lopez,Clark LLC,Comedian,7/11/2024,17:43:14
Crawford and Sons,Lewis Inc,DJ,8/19/2024,3:21:13
"Vargas, Russell and Burton",Moore PLC,Dancer,2/6/2024,13:06:26
Bullock Inc,"Schroeder, Hamilton and Nguyen",Magician,1/29/2024,23:42:42
Merritt-Johnson,Allen PLC,Dancer,3/20/2024,19:58:40
"Wong, Taylor and Miller",Smith-Anderson,Dancer,6/1/2024,22:49:19
Rivera-Hendricks,"Howell, Smith and Bridges",Dancer,5/4/2024,22:29:31
"Lopez, Brown and Mata","Adams, Robertson and Daniels",DJ,4/16/2024,20:43:23
Werner-Sandoval,Fuller Ltd,Comedian,1/22/2024,14:20:52
Tucker-Olson,Torres-Lopez,Comedian,8/23/2024,10:00:06
Adams-Brewer,Powell-Erickson,Dancer,9/2/2024,17:36:23
Brock-Moore,Hayes-Rosales,Magician,7/13/2024,18:35:36
Hunt PLC,Wheeler and Sons,Comedian,8/15/2024,15:04:24
"Sullivan, West and Lambert",Duran-Pearson,Magician,7/4/2024,8:52:21
"Bradshaw, Miranda and Parks",Henry-Cooper,Magician,7/21/2024,17:43:58
Silva Inc,Cooper-Williams,Comedian,7/30/2024,10:39:37
Francis Group,Diaz-Chen,Comedian,5/6/2024,9:05:14
Parks-Garcia,Bolton Ltd,Dancer,9/7/2024,0:46:45
Baker-Glover,"Campbell, Koch and Hanson",Magician,2/7/2024,18:54:06
"Kelly, Bryan and Pham",Mcclure-Lucas,Magician,5/12/2024,4:34:22
Williams Inc,Reed Group,DJ,4/10/2024,3:34:46
Beasley Group,"Gutierrez, Johnson and Weaver",Comedian,1/8/2024,22:21:46
Bowers-Olson,"Smith, Schroeder and Johnson",Live Band,4/14/2024,13:09:43
Edwards and Sons,"Ruiz, Gordon and Coleman",Magician,1/24/2024,13:32:43
Warner Ltd,"Robbins, Costa and Robertson",DJ,1/14/2024,13:35:50
"Brady, Perez and Clark","Lee, Medina and Robinson",Comedian,6/5/2024,3:04:41
Williams Group,Wagner Inc,Live Band,5/15/2024,2:23:50
Castro Ltd,"Brown, Flores and Williams",Magician,1/3/2024,21:24:25
Russell-Mcclain,"Daniel, Hernandez and Chapman",Live Band,7/2/2024,3:37:44
"Brown, Copeland and Johns","Pearson, Mcbride and Lynch",Comedian,8/7/2024,14:19:14
Castro and Sons,Olson-Austin,Comedian,5/16/2024,19:21:08
"Clark, Sosa and Rivas","Sexton, Walker and Martin",DJ,3/13/2024,16:32:26
"Harrison, Adams and Lewis",David Ltd,Comedian,4/4/2024,14:30:27
"Smith, Fields and Williams",Jarvis LLC,Live Band,3/13/2024,17:58:14
Walter Ltd,Lopez-Duncan,Comedian,7/16/2024,23:06:11
Moore-Thomas,Hernandez-Kramer,Live Band,8/19/2024,17:18:53
"Taylor, Carney and Ashley",Gill PLC,Magician,8/26/2024,8:57:08
Yang LLC,"Clark, James and Martin",Magician,3/5/2024,14:47:39
Rivera Inc,"Turner, Miller and Manning",Dancer,4/16/2024,15:52:19
Watson LLC,"Parker, Johnson and Bailey",Dancer,6/19/2024,15:12:59
Rivera-Washington,Roberts-Vasquez,Live Band,6/27/2024,13:25:19
"Fox, Miller and Gonzales",Walker-Hansen,Magician,2/23/2024,8:51:32
Daniels-Arnold,"Middleton, Rodriguez and Sims",Comedian,3/24/2024,0:06:32
"Jones, Robinson and Newman",Wood-Nichols,Comedian,4/14/2024,5:06:26
"Edwards, Suarez and Thomas",Oliver PLC,Magician,3/13/2024,11:02:17
Cruz PLC,"Beard, Rose and Yates",Live Band,2/18/2024,17:34:54
Beck PLC,"Hernandez, Taylor and Mullen",DJ,3/27/2024,6:03:26
Cunningham-Bell,Davis Inc,Magician,2/24/2024,17:43:06
"Booth, Woods and Vargas","Villanueva, Robinson and Wagner",Dancer,2/2/2024,13:42:35
Manning-Conway,Chandler-Hansen,Dancer,4/14/2024,8:29:03
Hunt-Hall,"Garcia, Figueroa and Gordon",DJ,6/23/2024,6:11:19
"Johnson, Reyes and Rowland","Barber, Johnson and Harris",DJ,7/1/2024,5:32:24
Sparks-Smith,Smith-Ortega,Magician,5/14/2024,22:54:08
"Jones, Rodriguez and Graham","Tran, Sanchez and Rowland",DJ,9/9/2024,16:37:23
"Sanchez, Johnson and Romero",Perry-Parker,Live Band,1/4/2024,11:31:13
Hudson Inc,Snyder and Sons,DJ,2/25/2024,13:19:31
White-Adams,"Schneider, Estrada and Matthews",Magician,3/16/2024,12:17:18
Avila-Khan,"Weaver, Kramer and Diaz",Dancer,5/16/2024,17:15:07
Smith-Wong,"Smith, Blake and Stevens",DJ,4/5/2024,12:59:05
Pena Group,"Hill, Brown and Hayes",DJ,1/17/2024,19:45:30
"Swanson, Cooper and Lang",Ferrell-Eaton,Comedian,1/8/2024,4:25:23
"Martin, Williams and Rodgers","Dixon, Moore and Jones",DJ,4/10/2024,1:44:54
"Barrett, Hebert and Whitaker",Hickman Ltd,Dancer,3/13/2024,8:13:42
"Roberts, Johns and Webb","Martin, Johnson and Aguirre",Comedian,8/11/2024,1:16:47
Mann PLC,Walton-Patterson,Comedian,1/15/2024,17:25:40
"Petersen, Lambert and Carr",Leblanc Group,Magician,6/19/2024,19:43:44
Lane-Good,"Washington, Joyce and Lane",Magician,4/10/2024,2:37:12
"Hammond, Grimes and Thomas",Ponce PLC,DJ,5/19/2024,18:11:10
Myers-Richardson,"Watkins, Mccarty and Johnson",Dancer,8/13/2024,16:24:36
Allen-Scott,"Mendoza, Hopkins and Powers",Comedian,2/11/2024,2:16:38
Herrera LLC,"Ball, Camacho and Durham",DJ,8/31/2024,10:29:05
Allen-Morgan,"Mccormick, Williams and Frank",DJ,9/10/2024,12:28:01
"Thomas, Sanchez and Anthony",Gibbs Ltd,Dancer,5/25/2024,9:16:29
Pierce-Herrera,Peterson Group,Dancer,4/15/2024,4:33:17
"Carlson, English and Griffin",Gray LLC,Dancer,5/5/2024,16:09:54
Holt PLC,"Potts, Zimmerman and Wilkins",Dancer,6/4/2024,6:47:53
Jacobs-Mckinney,Leblanc-Bradley,Live Band,5/12/2024,2:39:12
Fernandez and Sons,Harris-Butler,Magician,5/26/2024,0:34:12
Price-Hunt,"Casey, Stewart and Patterson",Dancer,5/16/2024,17:25:05
Anthony-Stewart,Moore Inc,Live Band,5/3/2024,16:26:01
Williams and Sons,Williams Inc,DJ,3/16/2024,16:34:31
"Guerra, Bradford and Ellis",Garcia PLC,Magician,7/23/2024,3:54:16
Mason-Barker,Becker Inc,Live Band,4/28/2024,8:02:35
Cervantes-Allison,"Martinez, Patterson and Rice",Dancer,7/8/2024,12:10:11
"Mcconnell, Russo and Cruz",Martin and Sons,Live Band,3/17/2024,3:48:33
Stafford LLC,Fisher LLC,DJ,1/19/2024,21:07:20
Hines PLC,"Wolf, Lowe and Brown",DJ,1/18/2024,9:20:55
"Hansen, Parker and Nolan",Gonzalez Inc,Magician,4/18/2024,23:15:59
Brooks-Shah,Booker Ltd,Comedian,5/18/2024,22:58:45
Barber Ltd,Montgomery Inc,Live Band,3/1/2024,19:42:38
Hunter Inc,King Group,Comedian,8/30/2024,1:10:48
"Aguilar, Rivera and Quinn","Warren, Madden and Parker",Live Band,8/14/2024,5:39:00
"Vang, Santana and Young","Carter, Hudson and Carr",Magician,7/3/2024,21:18:11
Kramer Ltd,Ramirez-Anderson,Live Band,4/28/2024,18:39:48
Davis-Chapman,"Walsh, Martin and Hickman",DJ,5/28/2024,3:51:36
Mckinney-Barton,"Gonzalez, Martinez and Oliver",Magician,4/5/2024,8:12:03
"Dunlap, Nielsen and Schmidt",Wells-Brown,Dancer,1/10/2024,2:55:57
Ramirez and Sons,Lynch Inc,Comedian,2/28/2024,0:00:00
Garza and Sons,Garcia-Williams,Dancer,8/1/2024,8:05:00
Anderson and Sons,Hernandez LLC,Magician,4/16/2024,6:58:07
Crawford-Turner,Wade Inc,Live Band,3/8/2024,0:57:06
"Jensen, Harris and Taylor","Cole, Kim and Kennedy",Magician,6/6/2024,22:06:54
"Russell, Farley and Gonzalez",Norris-Jones,Live Band,4/28/2024,20:10:24
"Smith, Medina and Castillo",Vasquez-Rivera,Magician,8/26/2024,23:38:00
Campos Ltd,Sandoval Inc,Comedian,4/12/2024,10:56:17
Miller-Cortez,"Guzman, Gonzales and Steele",Magician,1/8/2024,6:56:11
"Phelps, Delacruz and Conner",Gordon-King,Magician,5/14/2024,5:00:14
"Walker, Shannon and Holloway",Frederick LLC,DJ,2/12/2024,21:53:02
"Ray, Smith and Martinez","Hunter, Mullins and Arroyo",Magician,8/7/2024,3:37:54
Ryan-Gordon,Schwartz-Sanchez,DJ,5/22/2024,5:05:52
Santiago Group,Stewart PLC,Comedian,5/13/2024,16:25:03
Beck-Ramos,"Garcia, Davis and Owen",DJ,7/20/2024,11:26:19
"Walsh, Hill and Zimmerman","Bowen, Nichols and Nelson",Magician,5/7/2024,4:56:12
Bailey LLC,Brock Group,Comedian,8/21/2024,4:01:17
Ryan-Costa,Ellis-Liu,Dancer,3/27/2024,8:03:41
Mitchell Group,"Davis, Shaw and White",DJ,7/15/2024,18:16:52
Thompson Inc,Roman PLC,DJ,4/2/2024,12:58:58
"Kerr, Davis and Phelps",Jones LLC,Comedian,4/8/2024,16:46:11
"Berg, Herman and Thomas","Brady, Whitehead and Montes",Live Band,1/8/2024,12:53:14
Kemp-Herrera,Pugh Ltd,Dancer,7/18/2024,21:10:59
Stevenson LLC,Livingston Ltd,DJ,3/5/2024,23:19:49
Mccann-Bennett,Collins Inc,DJ,5/2/2024,0:56:07
Cooper Group,Cabrera PLC,Magician,7/21/2024,2:07:46
"Bowen, Dunn and Barton",Stephenson-Baker,Magician,3/21/2024,20:20:44
"Weaver, Hernandez and Johnson",Miller and Sons,Magician,8/29/2024,7:28:12
"Wallace, Juarez and Hinton","Wagner, Walker and Chavez",Live Band,4/12/2024,6:53:37
Harrison Group,Marks-Hanson,DJ,5/13/2024,7:04:43
Davis Group,Hancock Group,DJ,4/4/2024,4:39:39
Hunter Group,"Thompson, Ortiz and Lloyd",Magician,6/1/2024,9:51:05
"Valdez, Johnson and Hall","Anderson, Vargas and Anderson",Live Band,5/13/2024,16:48:59
George Group,Mclean-Higgins,Dancer,7/29/2024,23:13:05
Clay PLC,"Gonzalez, Moran and Harris",Live Band,5/27/2024,17:52:13
Fox and Sons,Perez-Porter,DJ,5/4/2024,23:35:14
Davis-Middleton,"Hebert, Hampton and Dickson",Magician,5/8/2024,17:07:09
Palmer PLC,"Pittman, Williams and Morris",DJ,6/18/2024,16:26:58
Pierce PLC,Larsen-Johnson,Dancer,6/6/2024,20:48:20
"Oliver, Burke and Hancock",Farmer-Hawkins,Dancer,4/23/2024,18:09:40
Chambers-Ruiz,"Mack, Blackburn and Parker",Dancer,3/31/2024,18:45:46
"Morrison, Johnson and Reed","White, Beck and Alvarez",Live Band,9/8/2024,10:15:31
Park Inc,"Joseph, Griffin and Lawrence",Comedian,7/27/2024,7:29:26
Alexander PLC,Smith-Austin,Magician,2/11/2024,18:23:40
"Lewis, Smith and Young",Ortega-Smith,DJ,4/18/2024,10:27:16
Davis-Hill,Santana Inc,Dancer,2/3/2024,12:26:54
"Roberts, Murphy and Le",Miller LLC,DJ,5/12/2024,20:43:23
"Merritt, Evans and Lambert",Blair-Mclean,Live Band,6/27/2024,20:28:33
"Martinez, Crawford and Salazar",Jarvis PLC,Dancer,2/27/2024,3:21:13
"Davis, Callahan and Ortiz","Johnson, Larsen and David",Magician,7/28/2024,21:11:11
Vincent Group,Munoz-Clarke,Magician,7/8/2024,4:43:09
Thomas-Richard,Johnson-Poole,DJ,7/30/2024,23:46:06
Stevenson-Thomas,"Quinn, Chandler and Powell",Magician,2/2/2024,7:14:47
"Morris, Vega and Jones","Johnson, Kelly and Poole",DJ,4/9/2024,23:24:57
Gonzalez LLC,Barnes Group,Dancer,3/23/2024,14:18:15
"Terry, Curtis and Rojas",Shaffer LLC,DJ,3/4/2024,19:15:41
Johnson-Alexander,"Stephens, Kirk and Hernandez",DJ,2/15/2024,0:49:30
Soto-Moore,Bowen LLC,Comedian,4/14/2024,1:31:06
Greer Group,Smith PLC,DJ,5/6/2024,1:17:24
Moore-Hernandez,Brady PLC,DJ,8/1/2024,1:08:23
"Jordan, Figueroa and Wilson",Bass PLC,Dancer,1/7/2024,20:16:54
Taylor PLC,"Briggs, Phillips and Myers",Dancer,5/12/2024,5:38:33
Giles-Combs,"Ayala, Hunt and Robinson",Dancer,7/16/2024,6:41:16
Brady-Berry,Johnson-Diaz,DJ,1/1/2024,5:13:24
"Richardson, Mcintosh and Garcia",Good-Norton,Magician,2/29/2024,17:32:00
Meyer Inc,Hall-Parker,Live Band,5/19/2024,2:42:51
"Sutton, Lawrence and Owens","Hess, Carter and Hobbs",Magician,7/5/2024,21:18:39
Mclaughlin-Scott,Rodriguez-Jones,DJ,2/9/2024,18:17:27
"Mcguire, Martin and Garrett",Cherry and Sons,Magician,8/20/2024,0:10:07
"Carson, Vaughan and Chan","Galloway, Shelton and Clark",Dancer,4/4/2024,7:29:22
Blevins Ltd,Curtis-Vang,Dancer,5/30/2024,22:41:00
"Sanchez, Perez and Mann",Lucas-Park,Dancer,3/30/2024,18:17:31
"Wang, Thomas and Walsh",Clark-Weaver,Magician,4/12/2024,16:01:26
Charles PLC,Davis-Robinson,Live Band,1/20/2024,11:39:02
"Thompson, Garcia and Davis",Collins-Matthews,Dancer,1/3/2024,16:39:48
"Mcdonald, Deleon and Lane",Collier Inc,DJ,8/21/2024,8:26:27
Erickson and Sons,Peck Ltd,Magician,5/14/2024,23:54:51
Brown-Cook,"Lyons, Young and Spencer",Dancer,7/28/2024,5:26:42
"Russell, Whitehead and Terrell","Everett, Shaw and Davis",Magician,8/8/2024,17:24:12
"Allen, Parsons and Watkins",Le-Owens,Live Band,4/14/2024,21:08:57
Wright PLC,Collins Ltd,Magician,5/4/2024,15:40:29
Chavez Inc,"Ashley, Kennedy and Oliver",DJ,1/12/2024,9:51:51
Fisher-Stone,Beck and Sons,Magician,7/16/2024,21:01:48
Page Ltd,"Williams, Knight and Woodward",Magician,8/24/2024,7:12:48
"Rios, Mcneil and Bradshaw","Perez, Johnson and Rodriguez",Live Band,1/1/2024,6:19:44
Davis-Banks,Church-Reed,Comedian,8/12/2024,2:42:08
Young-Holland,"Reyes, Anderson and Moore",DJ,5/30/2024,13:57:37
Miller-Thomas,Brooks Ltd,Dancer,4/3/2024,23:19:42
Hughes Ltd,Wilson-Sutton,Comedian,6/27/2024,2:59:41
Williams-Frank,Green-Anderson,Comedian,7/7/2024,12:32:10
Dixon-Ingram,"Evans, Horne and Warren",Comedian,4/23/2024,4:48:25
Carr-Carroll,Young-Ellis,Comedian,2/19/2024,7:25:11
"Lee, Monroe and Adams","Tucker, Morris and White",DJ,5/29/2024,12:48:41
Zimmerman-Gonzalez,"Garcia, Harris and Cox",Comedian,1/11/2024,11:24:30
Baker-Powell,Watson LLC,Magician,3/25/2024,4:26:37
"Jimenez, Sampson and Jackson",Collins Ltd,DJ,3/29/2024,0:53:34
Clark LLC,"Malone, Brown and Gray",Magician,6/13/2024,7:34:43
"Mann, Olsen and Sandoval",Hughes-Miller,Dancer,1/26/2024,6:01:17
Collins-Howell,Smith PLC,Dancer,2/6/2024,0:44:45
Rivera and Sons,Perez PLC,Magician,4/30/2024,9:14:23
"Martinez, Howard and Le",Ryan and Sons,DJ,1/28/2024,16:39:30
Alexander-Mcdaniel,"Hess, Shepard and Dorsey",Dancer,5/11/2024,7:29:02
Patterson-Graham,Martin Group,DJ,2/21/2024,7:58:23
Silva-Downs,Mooney Group,DJ,6/15/2024,5:24:11
"Owen, Anderson and Smith","Mercado, Hensley and Johns",Comedian,2/14/2024,20:44:28
"Trevino, Hughes and Castillo","Moran, Blackwell and Howard",Live Band,2/13/2024,7:42:52
Walsh-Davis,Conley and Sons,Comedian,3/23/2024,16:39:34
Leonard LLC,Ramirez Group,Live Band,2/9/2024,12:21:15
"Jackson, Ramirez and Martinez",Griffin-Lee,DJ,3/8/2024,23:48:22
"Byrd, Smith and Thomas",Taylor Group,DJ,3/16/2024,1:17:36
Morgan LLC,Hunt Group,Dancer,3/18/2024,21:02:26
Bradford-Sanchez,Ramirez-Robinson,Magician,7/26/2024,7:38:26
"Duncan, Green and Jackson","Parker, Gregory and Lyons",Comedian,5/23/2024,8:52:23
Ross-Garcia,Cole-Chandler,DJ,1/31/2024,0:08:59
Rivera and Sons,"Williams, Carroll and Garner",Dancer,7/23/2024,15:51:31
Gardner-Mason,"Olson, Hancock and Gutierrez",DJ,4/6/2024,21:51:14
Oneal-Garcia,"Mayer, Johnson and Harper",Magician,4/16/2024,0:51:22
"Roberts, Brown and Mccall",Jones Inc,Dancer,3/16/2024,8:06:55
Sutton Group,Cook-Johnson,Live Band,7/13/2024,4:07:39
Martin LLC,Boone-Garcia,Dancer,3/15/2024,17:41:14
"Jackson, Bush and Duncan",Mclaughlin-Potter,Dancer,4/16/2024,7:39:23
"Gray, Yu and Garcia","Morse, Logan and Martin",Live Band,1/31/2024,9:45:29
Mccoy Group,"Ramos, Ibarra and Edwards",Comedian,3/22/2024,18:16:08
Scott Group,Nichols-Mclaughlin,Magician,8/27/2024,21:53:04
Ford PLC,"Davis, Strickland and Chavez",DJ,7/5/2024,16:28:06
"Castro, Richardson and Coleman",Taylor LLC,Live Band,4/2/2024,5:48:11
Chapman PLC,"Wright, Mason and Mack",Magician,1/28/2024,2:43:22
Campbell PLC,Velazquez-Rogers,Magician,8/17/2024,8:54:48
Kennedy-Farrell,Liu Group,Magician,5/14/2024,18:56:50
"Mcdonald, Garner and Mckee",Rodriguez and Sons,DJ,1/1/2024,17:47:38
Nelson-Martin,"Scott, Macias and Lang",Live Band,8/16/2024,19:19:39
Mccullough LLC,Martin LLC,Comedian,4/28/2024,21:38:47
"Johnson, Wells and Kramer","Mason, Huffman and Campos",Comedian,3/7/2024,21:57:41
"Mitchell, Wright and Hendrix","Williams, Bruce and Contreras",Dancer,3/22/2024,4:02:23
Daniel-Cardenas,"Burns, Watson and Foster",DJ,1/7/2024,6:28:29
Gonzalez Group,Harris-West,DJ,7/26/2024,8:24:10
"Guzman, Arnold and Johnson",Park-Ayers,DJ,9/8/2024,0:18:17
Mcclain-Conner,Black Group,Live Band,6/30/2024,22:12:45
Richardson-Gonzalez,Oliver-Oconnor,Dancer,8/27/2024,11:21:19
Jones and Sons,Miller-Cannon,Comedian,9/2/2024,8:12:58
"Miller, Stone and Powers","Davenport, Simpson and White",DJ,7/23/2024,11:37:01
"Sullivan, Ramirez and Miller",Lopez-Burgess,Comedian,5/14/2024,12:50:29
Stephens Ltd,Johnson and Sons,DJ,8/24/2024,6:58:42
"Cooper, Melendez and Gonzalez",Burke LLC,Magician,3/28/2024,4:11:02
Decker-Camacho,Frank-Collins,DJ,6/5/2024,6:33:01
Cole-Palmer,Cunningham-Morris,Live Band,2/24/2024,0:48:58
Brown-Williams,Reid-Clay,DJ,8/19/2024,22:26:36
Gray-Gutierrez,"Deleon, Hull and Bowman",Live Band,5/22/2024,10:20:41
"Dominguez, Bowman and Hall","Bell, Reynolds and Cowan",Live Band,7/16/2024,17:49:14
Bonilla-Spencer,Parks and Sons,DJ,7/16/2024,6:44:51
"Graham, Roberts and Washington","Cunningham, Lang and Allen",DJ,3/3/2024,17:24:19
Craig-Reynolds,Castro Ltd,Dancer,7/11/2024,1:00:15
Klein-Dickson,Simmons-Carter,Magician,1/29/2024,21:14:22
"Bowen, Turner and Kelley",Woods-Gallagher,Comedian,3/21/2024,13:18:54
Barnes-Mcintyre,Nelson LLC,Live Band,7/12/2024,6:53:26
"Barton, Reed and Coleman",Kramer-Nguyen,Magician,5/20/2024,10:15:58
Collins-Maldonado,Miller Inc,DJ,7/2/2024,4:07:17
Hall-Johnson,Heath-Collier,Magician,8/19/2024,1:35:03
Moore-Underwood,"Williams, Moon and Garza",Comedian,6/11/2024,14:18:48
Wiley-Parsons,Ware-Burke,Comedian,4/8/2024,2:46:02
Hahn Inc,"Flowers, Pena and Lloyd",Comedian,3/9/2024,9:51:10
Banks and Sons,"Lewis, Clark and Jensen",Live Band,1/2/2024,4:47:21
Pena Ltd,Montoya-Montoya,Magician,9/9/2024,17:00:19
Leonard-White,Miller Ltd,Dancer,7/9/2024,19:01:37
Alexander-Rubio,"Daugherty, Bennett and Murphy",DJ,4/12/2024,4:09:05
Moore and Sons,Carter-Andrade,Dancer,1/16/2024,23:17:02
Guerrero Group,Mercado-Cochran,Dancer,1/28/2024,5:17:30
"Campbell, Yates and Turner",Soto Inc,Live Band,8/21/2024,4:12:07
Willis LLC,"Henderson, Edwards and Sosa",Magician,1/13/2024,11:38:15
Wolf-Jones,Rice Group,Dancer,5/13/2024,7:54:11
"Dawson, Carter and Conrad",Richards-Wallace,DJ,8/5/2024,20:23:45
Schultz-Kelley,"Alexander, Thomas and Shaw",Magician,7/6/2024,12:06:25
Gray Inc,Miller-Atkinson,Comedian,6/18/2024,16:19:57
Williams-Norton,Wilkins Group,Magician,8/9/2024,10:12:59
Wood LLC,"Butler, Beltran and Hawkins",Magician,9/4/2024,4:48:09
Brown-Johnson,Petersen Inc,Magician,7/7/2024,21:56:04
Moore PLC,Salazar-Holt,DJ,2/17/2024,17:06:06
Harrison Inc,Cooley Ltd,Magician,3/19/2024,10:41:53
"Taylor, Meza and Castro","Perry, Larson and Shaw",DJ,1/20/2024,13:44:06
Jones Inc,Cisneros Ltd,Live Band,5/23/2024,8:03:21
"Waters, Wilson and Hoover",Yang Inc,DJ,5/31/2024,21:33:11
Reynolds-Wilson,"Smith, Richards and Horne",DJ,4/10/2024,7:01:44
"Heath, Benitez and Acosta","Williams, Wright and Robinson",Magician,5/13/2024,20:33:47
Fernandez and Sons,Rose-Ortiz,Magician,7/23/2024,0:24:51
Blair-Henderson,Lawrence-Edwards,Dancer,8/19/2024,1:29:10
Miller PLC,Martinez-Nguyen,Comedian,5/11/2024,19:26:20
Cross PLC,Carney LLC,Dancer,2/24/2024,19:00:19
Davis Group,Page-Pham,Comedian,5/7/2024,12:10:59
Rice-Nguyen,Rodriguez LLC,Live Band,2/28/2024,1:46:05
"Armstrong, Long and Parker",Jackson-Douglas,Live Band,2/17/2024,1:40:29
"Steele, Hernandez and Sullivan",Santos Ltd,DJ,5/18/2024,14:26:38
Moss-Dunlap,Davis Group,Magician,2/5/2024,11:53:05
"Brooks, Smith and Thomas",Jimenez PLC,DJ,4/15/2024,22:52:56
"Maldonado, Clark and Leach",Johns-Neal,DJ,5/16/2024,5:33:04
Wilson Group,Hines Ltd,Comedian,6/4/2024,10:19:37
"Webb, Martinez and Church",Smith and Sons,Comedian,2/10/2024,15:47:45
Brennan and Sons,Gilmore PLC,DJ,5/1/2024,15:47:54
"Bell, Burgess and Gonzalez",Miller PLC,Live Band,8/15/2024,9:59:42
"Davis, Mcguire and Thomas",Lara-Green,Live Band,2/24/2024,4:29:43
Flores-Walters,Wilson-Harrell,Dancer,5/31/2024,16:30:44
"Lambert, Sanchez and Lloyd","Smith, Mitchell and Tran",DJ,7/15/2024,16:32:06
Bernard Group,"Evans, Franklin and Simpson",Magician,4/19/2024,10:18:44
"Kelly, Little and Hall",Hester-Camacho,Dancer,4/8/2024,5:42:02
Burch Group,Cortez-Martinez,Dancer,5/18/2024,1:48:25
"Nelson, Marsh and Gillespie",Clark and Sons,Magician,3/4/2024,8:53:55
Garner LLC,Burton and Sons,Live Band,8/7/2024,6:28:38
"Miller, Rogers and Butler","Lee, Phillips and Phillips",Dancer,1/22/2024,5:26:06
"Adams, Rios and Daugherty",Kline-Mendoza,Comedian,2/13/2024,18:14:57
"White, Wood and Sampson","Armstrong, Barnes and Harris",Magician,3/16/2024,5:07:33
"Walters, Jackson and Gonzalez",Thornton LLC,Live Band,7/2/2024,13:46:19
"Bishop, Jones and Mitchell","Martin, Buchanan and Johnson",Live Band,2/5/2024,10:14:02
"Gregory, Scott and Johnson",Clay-Fernandez,Magician,5/2/2024,6:45:00
"Moore, Jackson and Sullivan",Anderson Inc,Dancer,3/26/2024,0:37:31
"Dunn, Gonzalez and Levy",Brown Inc,DJ,4/8/2024,9:32:13
"Daniels, Mathews and Lopez",Valdez PLC,DJ,6/21/2024,5:02:46
"Barrett, Watkins and Nixon",Rodriguez Inc,Live Band,3/6/2024,16:56:16
Diaz-Wise,Thomas PLC,Live Band,6/15/2024,13:56:30
Barnes and Sons,Johnson-Garcia,Magician,8/30/2024,22:10:46
Booth-Perez,"Acosta, Hicks and Smith",Comedian,3/20/2024,23:53:03
